-- 공실스터디 데이터 20건 자동 삽입 스크립트
INSERT INTO public.study_courses (id, title, description, price, status, created_at) VALUES ('6b39b7e0-8800-468c-9a23-176f8adc31d5', '[2026 기초] 아파트 매매 권리분석 마스터', '이 스터디는 전문가가 진행하는 핵심 실무 과정입니다. 현장 경험을 꾹꾹 담았습니다.', 150000, 'published', now() - interval '52 days');
INSERT INTO public.study_lessons (id, course_id, section_title, lesson_title, video_url, order_index) VALUES ('3c2942f3-6258-47e2-a742-1a1a98015b9b', '6b39b7e0-8800-468c-9a23-176f8adc31d5', '제1장. 기초 이론', '1강. 오리엔테이션 및 요약', 'https://youtu.be/dQw4w9WgXcQ', 1);
INSERT INTO public.study_lessons (id, course_id, section_title, lesson_title, video_url, order_index) VALUES ('ebd346ef-e3ea-4daa-860c-4a09ea378447', '6b39b7e0-8800-468c-9a23-176f8adc31d5', '제1장. 기초 이론', '2강. 오리엔테이션 및 요약', 'https://youtu.be/dQw4w9WgXcQ', 2);
INSERT INTO public.study_lessons (id, course_id, section_title, lesson_title, video_url, order_index) VALUES ('f40e7643-9d8e-4b5a-b67c-f86471f79509', '6b39b7e0-8800-468c-9a23-176f8adc31d5', '제1장. 기초 이론', '3강. 오리엔테이션 및 요약', 'https://vimeo.com/76979871', 3);
INSERT INTO public.study_courses (id, title, description, price, status, created_at) VALUES ('9f5d1ecd-0ba2-41dc-b2d0-8b3d6d5097ce', '초보자를 위한 상가 중개 실무 기초', '이 스터디는 전문가가 진행하는 핵심 실무 과정입니다. 현장 경험을 꾹꾹 담았습니다.', 0, 'published', now() - interval '19 days');
INSERT INTO public.study_lessons (id, course_id, section_title, lesson_title, video_url, order_index) VALUES ('e3d02799-8d19-4faa-8c2d-b1045441b588', '9f5d1ecd-0ba2-41dc-b2d0-8b3d6d5097ce', '제1장. 기초 이론', '1강. 오리엔테이션 및 요약', 'https://youtu.be/dQw4w9WgXcQ', 1);
INSERT INTO public.study_lessons (id, course_id, section_title, lesson_title, video_url, order_index) VALUES ('ff77984f-12dc-4ca5-a4aa-67ce4f800f6f', '9f5d1ecd-0ba2-41dc-b2d0-8b3d6d5097ce', '제1장. 기초 이론', '2강. 오리엔테이션 및 요약', 'https://youtu.be/dQw4w9WgXcQ', 2);
INSERT INTO public.study_lessons (id, course_id, section_title, lesson_title, video_url, order_index) VALUES ('316bc045-1cf6-4fc5-8617-8f675361e2b4', '9f5d1ecd-0ba2-41dc-b2d0-8b3d6d5097ce', '제1장. 기초 이론', '3강. 오리엔테이션 및 요약', 'https://youtu.be/dQw4w9WgXcQ', 3);
INSERT INTO public.study_courses (id, title, description, price, status, created_at) VALUES ('7b01b70b-d6c8-4a82-ab3a-ae3eb011029b', '계약서 특약사항 작성 완벽 가이드', '이 스터디는 전문가가 진행하는 핵심 실무 과정입니다. 현장 경험을 꾹꾹 담았습니다.', 0, 'published', now() - interval '8 days');
INSERT INTO public.study_lessons (id, course_id, section_title, lesson_title, video_url, order_index) VALUES ('23f38af8-e1f1-4933-a126-7ad1a08e2795', '7b01b70b-d6c8-4a82-ab3a-ae3eb011029b', '제1장. 기초 이론', '1강. 오리엔테이션 및 요약', 'https://youtu.be/dQw4w9WgXcQ', 1);
INSERT INTO public.study_lessons (id, course_id, section_title, lesson_title, video_url, order_index) VALUES ('b9f3f54e-1cd2-45c5-aa0d-74604b623f85', '7b01b70b-d6c8-4a82-ab3a-ae3eb011029b', '제1장. 기초 이론', '2강. 오리엔테이션 및 요약', 'https://vimeo.com/76979871', 2);
INSERT INTO public.study_lessons (id, course_id, section_title, lesson_title, video_url, order_index) VALUES ('7e62444d-afe1-4a1f-9cb1-0424f052f5af', '7b01b70b-d6c8-4a82-ab3a-ae3eb011029b', '제1장. 기초 이론', '3강. 오리엔테이션 및 요약', 'https://youtu.be/dQw4w9WgXcQ', 3);
INSERT INTO public.study_materials (id, course_id, material_type, title, file_url) VALUES ('9079bac6-ec65-4576-b599-1abfc80d7973', '7b01b70b-d6c8-4a82-ab3a-ae3eb011029b', 'link', '공통 수업 자료 (해설강의 및 판례모음)', 'https://drive.google.com/');
INSERT INTO public.study_courses (id, title, description, price, status, created_at) VALUES ('a0c93f99-ad82-4510-83f0-c55095e22732', '공인중개사 창업 전 필수 체크리스트 10', '이 스터디는 전문가가 진행하는 핵심 실무 과정입니다. 현장 경험을 꾹꾹 담았습니다.', 30000, 'published', now() - interval '9 days');
INSERT INTO public.study_lessons (id, course_id, section_title, lesson_title, video_url, order_index) VALUES ('ce61172b-e33e-4d53-914a-c4ad8315ee7a', 'a0c93f99-ad82-4510-83f0-c55095e22732', '제1장. 기초 이론', '1강. 오리엔테이션 및 요약', 'https://youtu.be/dQw4w9WgXcQ', 1);
INSERT INTO public.study_lessons (id, course_id, section_title, lesson_title, video_url, order_index) VALUES ('659231fe-c5c5-4d11-a35e-db32af8759d1', 'a0c93f99-ad82-4510-83f0-c55095e22732', '제1장. 기초 이론', '2강. 오리엔테이션 및 요약', 'https://youtu.be/dQw4w9WgXcQ', 2);
INSERT INTO public.study_lessons (id, course_id, section_title, lesson_title, video_url, order_index) VALUES ('b7dd9404-d6b6-4476-ae4a-0c73b1120e44', 'a0c93f99-ad82-4510-83f0-c55095e22732', '제1장. 기초 이론', '3강. 오리엔테이션 및 요약', 'https://youtu.be/dQw4w9WgXcQ', 3);
INSERT INTO public.study_courses (id, title, description, price, status, created_at) VALUES ('1e4ee698-015e-485d-939a-b91d58365608', '다가구/다세대 수익률 분석 마스터', '이 스터디는 전문가가 진행하는 핵심 실무 과정입니다. 현장 경험을 꾹꾹 담았습니다.', 50000, 'published', now() - interval '55 days');
INSERT INTO public.study_lessons (id, course_id, section_title, lesson_title, video_url, order_index) VALUES ('6660a58d-991b-4c06-9a96-20530f4da778', '1e4ee698-015e-485d-939a-b91d58365608', '제1장. 기초 이론', '1강. 오리엔테이션 및 요약', 'https://vimeo.com/76979871', 1);
INSERT INTO public.study_lessons (id, course_id, section_title, lesson_title, video_url, order_index) VALUES ('82f3dce9-b280-47ce-a19a-51007370c178', '1e4ee698-015e-485d-939a-b91d58365608', '제1장. 기초 이론', '2강. 오리엔테이션 및 요약', 'https://youtu.be/dQw4w9WgXcQ', 2);
INSERT INTO public.study_lessons (id, course_id, section_title, lesson_title, video_url, order_index) VALUES ('986379ca-177a-4703-8d5b-057aef197957', '1e4ee698-015e-485d-939a-b91d58365608', '제1장. 기초 이론', '3강. 오리엔테이션 및 요약', 'https://youtu.be/dQw4w9WgXcQ', 3);
INSERT INTO public.study_materials (id, course_id, material_type, title, file_url) VALUES ('be198f9b-09cb-4817-b911-c908cb01e845', '1e4ee698-015e-485d-939a-b91d58365608', 'link', '공통 수업 자료 (해설강의 및 판례모음)', 'https://drive.google.com/');
INSERT INTO public.study_courses (id, title, description, price, status, created_at) VALUES ('c1f2c585-7814-4e4f-9cfb-dd43b2e1164c', '토지 중개 실전 투자 가이드', '이 스터디는 전문가가 진행하는 핵심 실무 과정입니다. 현장 경험을 꾹꾹 담았습니다.', 200000, 'published', now() - interval '53 days');
INSERT INTO public.study_lessons (id, course_id, section_title, lesson_title, video_url, order_index) VALUES ('d2feaff3-70c4-45de-9611-3fdf7e2e52f4', 'c1f2c585-7814-4e4f-9cfb-dd43b2e1164c', '제1장. 기초 이론', '1강. 오리엔테이션 및 요약', 'https://youtu.be/dQw4w9WgXcQ', 1);
INSERT INTO public.study_lessons (id, course_id, section_title, lesson_title, video_url, order_index) VALUES ('a15cfe07-1244-4d40-b324-d40e433a4eb0', 'c1f2c585-7814-4e4f-9cfb-dd43b2e1164c', '제1장. 기초 이론', '2강. 오리엔테이션 및 요약', 'https://youtu.be/dQw4w9WgXcQ', 2);
INSERT INTO public.study_lessons (id, course_id, section_title, lesson_title, video_url, order_index) VALUES ('b44b0bfd-b89c-432c-8109-82de54915d92', 'c1f2c585-7814-4e4f-9cfb-dd43b2e1164c', '제1장. 기초 이론', '3강. 오리엔테이션 및 요약', 'https://vimeo.com/76979871', 3);
INSERT INTO public.study_courses (id, title, description, price, status, created_at) VALUES ('d1544376-043a-46ac-9f73-e9effda7aa78', '꼬마빌딩 건물로 월천만원 만들기', '이 스터디는 전문가가 진행하는 핵심 실무 과정입니다. 현장 경험을 꾹꾹 담았습니다.', 30000, 'published', now() - interval '18 days');
INSERT INTO public.study_lessons (id, course_id, section_title, lesson_title, video_url, order_index) VALUES ('2635567f-f8b1-4a98-8b4a-c5c4439a3d25', 'd1544376-043a-46ac-9f73-e9effda7aa78', '제1장. 기초 이론', '1강. 오리엔테이션 및 요약', 'https://youtu.be/dQw4w9WgXcQ', 1);
INSERT INTO public.study_lessons (id, course_id, section_title, lesson_title, video_url, order_index) VALUES ('f58ecd44-d895-4f44-bc6f-1a121a0d8182', 'd1544376-043a-46ac-9f73-e9effda7aa78', '제1장. 기초 이론', '2강. 오리엔테이션 및 요약', 'https://youtu.be/dQw4w9WgXcQ', 2);
INSERT INTO public.study_lessons (id, course_id, section_title, lesson_title, video_url, order_index) VALUES ('9bdbe942-bd9a-4864-83e0-ffe64f9b50ac', 'd1544376-043a-46ac-9f73-e9effda7aa78', '제1장. 기초 이론', '3강. 오리엔테이션 및 요약', 'https://youtu.be/dQw4w9WgXcQ', 3);
INSERT INTO public.study_materials (id, course_id, material_type, title, file_url) VALUES ('70d8d845-ddf1-4bb8-8a8f-cd0ce79c49e2', 'd1544376-043a-46ac-9f73-e9effda7aa78', 'link', '공통 수업 자료 (해설강의 및 판례모음)', 'https://drive.google.com/');
INSERT INTO public.study_courses (id, title, description, price, status, created_at) VALUES ('a07565b6-eaea-4020-98b7-3f98ae734d38', '공실률 제로! 상가 임대 마케팅 전략', '이 스터디는 전문가가 진행하는 핵심 실무 과정입니다. 현장 경험을 꾹꾹 담았습니다.', 150000, 'published', now() - interval '48 days');
INSERT INTO public.study_lessons (id, course_id, section_title, lesson_title, video_url, order_index) VALUES ('996e7710-85cd-424c-8ab5-af7e10b87cfb', 'a07565b6-eaea-4020-98b7-3f98ae734d38', '제1장. 기초 이론', '1강. 오리엔테이션 및 요약', 'https://youtu.be/dQw4w9WgXcQ', 1);
INSERT INTO public.study_lessons (id, course_id, section_title, lesson_title, video_url, order_index) VALUES ('73c13717-eaa1-45fb-8f69-5e4a160ed14b', 'a07565b6-eaea-4020-98b7-3f98ae734d38', '제1장. 기초 이론', '2강. 오리엔테이션 및 요약', 'https://youtu.be/dQw4w9WgXcQ', 2);
INSERT INTO public.study_lessons (id, course_id, section_title, lesson_title, video_url, order_index) VALUES ('da8b36be-7a65-4eed-b192-ba8747db94db', 'a07565b6-eaea-4020-98b7-3f98ae734d38', '제1장. 기초 이론', '3강. 오리엔테이션 및 요약', 'https://youtu.be/dQw4w9WgXcQ', 3);
INSERT INTO public.study_materials (id, course_id, material_type, title, file_url) VALUES ('77fa91db-35e6-45cb-8cbd-017e902c0e93', 'a07565b6-eaea-4020-98b7-3f98ae734d38', 'link', '공통 수업 자료 (해설강의 및 판례모음)', 'https://drive.google.com/');
INSERT INTO public.study_courses (id, title, description, price, status, created_at) VALUES ('0d3e8b5c-effa-40b1-a4b7-d247fdbf50ec', '네이버 부동산 매물 상위 노출 꿀팁', '이 스터디는 전문가가 진행하는 핵심 실무 과정입니다. 현장 경험을 꾹꾹 담았습니다.', 30000, 'published', now() - interval '4 days');
INSERT INTO public.study_lessons (id, course_id, section_title, lesson_title, video_url, order_index) VALUES ('4d6f487f-506c-459a-8b24-2abf343ec70e', '0d3e8b5c-effa-40b1-a4b7-d247fdbf50ec', '제1장. 기초 이론', '1강. 오리엔테이션 및 요약', 'https://youtu.be/dQw4w9WgXcQ', 1);
INSERT INTO public.study_lessons (id, course_id, section_title, lesson_title, video_url, order_index) VALUES ('99f58ac8-d079-4d60-a4b1-08e7efeeb654', '0d3e8b5c-effa-40b1-a4b7-d247fdbf50ec', '제1장. 기초 이론', '2강. 오리엔테이션 및 요약', 'https://youtu.be/dQw4w9WgXcQ', 2);
INSERT INTO public.study_lessons (id, course_id, section_title, lesson_title, video_url, order_index) VALUES ('e105b653-2ae3-4f3e-81ee-efd1ae4fad07', '0d3e8b5c-effa-40b1-a4b7-d247fdbf50ec', '제1장. 기초 이론', '3강. 오리엔테이션 및 요약', 'https://vimeo.com/76979871', 3);
INSERT INTO public.study_courses (id, title, description, price, status, created_at) VALUES ('40be8c80-fb80-4322-8dce-98cbb249c38e', '유튜브로 시작하는 부동산 브랜딩', '이 스터디는 전문가가 진행하는 핵심 실무 과정입니다. 현장 경험을 꾹꾹 담았습니다.', 10000, 'draft', now() - interval '42 days');
INSERT INTO public.study_lessons (id, course_id, section_title, lesson_title, video_url, order_index) VALUES ('5a52ec37-ec40-4b6a-b5bb-122b2be87e82', '40be8c80-fb80-4322-8dce-98cbb249c38e', '제1장. 기초 이론', '1강. 오리엔테이션 및 요약', 'https://youtu.be/dQw4w9WgXcQ', 1);
INSERT INTO public.study_lessons (id, course_id, section_title, lesson_title, video_url, order_index) VALUES ('4c3fd9cc-3228-4d19-9166-8f99a7c1606b', '40be8c80-fb80-4322-8dce-98cbb249c38e', '제1장. 기초 이론', '2강. 오리엔테이션 및 요약', 'https://youtu.be/dQw4w9WgXcQ', 2);
INSERT INTO public.study_lessons (id, course_id, section_title, lesson_title, video_url, order_index) VALUES ('a58be977-fdaf-4494-a706-933e8d0d0dae', '40be8c80-fb80-4322-8dce-98cbb249c38e', '제1장. 기초 이론', '3강. 오리엔테이션 및 요약', 'https://youtu.be/dQw4w9WgXcQ', 3);
INSERT INTO public.study_courses (id, title, description, price, status, created_at) VALUES ('1235a0d1-0ab2-4dc9-b9ab-2d5e62159f6e', '재건축/재개발 투자 분석 기초', '이 스터디는 전문가가 진행하는 핵심 실무 과정입니다. 현장 경험을 꾹꾹 담았습니다.', 30000, 'published', now() - interval '14 days');
INSERT INTO public.study_lessons (id, course_id, section_title, lesson_title, video_url, order_index) VALUES ('5959d364-0550-41aa-bad2-ae5b6ed59fda', '1235a0d1-0ab2-4dc9-b9ab-2d5e62159f6e', '제1장. 기초 이론', '1강. 오리엔테이션 및 요약', 'https://vimeo.com/76979871', 1);
INSERT INTO public.study_lessons (id, course_id, section_title, lesson_title, video_url, order_index) VALUES ('c08b79ee-afa5-49cf-aa87-a330998d005d', '1235a0d1-0ab2-4dc9-b9ab-2d5e62159f6e', '제1장. 기초 이론', '2강. 오리엔테이션 및 요약', 'https://youtu.be/dQw4w9WgXcQ', 2);
INSERT INTO public.study_lessons (id, course_id, section_title, lesson_title, video_url, order_index) VALUES ('cc833198-d436-419c-ae53-9da8ea87cef2', '1235a0d1-0ab2-4dc9-b9ab-2d5e62159f6e', '제1장. 기초 이론', '3강. 오리엔테이션 및 요약', 'https://youtu.be/dQw4w9WgXcQ', 3);
INSERT INTO public.study_courses (id, title, description, price, status, created_at) VALUES ('9248ac1a-69d0-4765-87ae-684836b39a27', '주택 임대차 보호법 권리분석 심화', '이 스터디는 전문가가 진행하는 핵심 실무 과정입니다. 현장 경험을 꾹꾹 담았습니다.', 200000, 'published', now() - interval '56 days');
INSERT INTO public.study_lessons (id, course_id, section_title, lesson_title, video_url, order_index) VALUES ('9e4b6215-1746-452e-9dc0-3dc4f5a976b7', '9248ac1a-69d0-4765-87ae-684836b39a27', '제1장. 기초 이론', '1강. 오리엔테이션 및 요약', 'https://youtu.be/dQw4w9WgXcQ', 1);
INSERT INTO public.study_lessons (id, course_id, section_title, lesson_title, video_url, order_index) VALUES ('fb796ed8-a35c-466c-b7c0-122111707d9f', '9248ac1a-69d0-4765-87ae-684836b39a27', '제1장. 기초 이론', '2강. 오리엔테이션 및 요약', 'https://youtu.be/dQw4w9WgXcQ', 2);
INSERT INTO public.study_lessons (id, course_id, section_title, lesson_title, video_url, order_index) VALUES ('6cabf522-9cfe-47fd-a38d-0664098c7e76', '9248ac1a-69d0-4765-87ae-684836b39a27', '제1장. 기초 이론', '3강. 오리엔테이션 및 요약', 'https://vimeo.com/76979871', 3);
INSERT INTO public.study_courses (id, title, description, price, status, created_at) VALUES ('c112805f-fe93-4f72-9cad-702b65e5b600', '법원 명도 소송 및 실전 권리분석', '이 스터디는 전문가가 진행하는 핵심 실무 과정입니다. 현장 경험을 꾹꾹 담았습니다.', 10000, 'published', now() - interval '41 days');
INSERT INTO public.study_lessons (id, course_id, section_title, lesson_title, video_url, order_index) VALUES ('0c68766d-e2ae-47c5-a9fa-222cff86b4ef', 'c112805f-fe93-4f72-9cad-702b65e5b600', '제1장. 기초 이론', '1강. 오리엔테이션 및 요약', 'https://youtu.be/dQw4w9WgXcQ', 1);
INSERT INTO public.study_lessons (id, course_id, section_title, lesson_title, video_url, order_index) VALUES ('b5b50c28-9fba-4dfb-919f-23a102097eb8', 'c112805f-fe93-4f72-9cad-702b65e5b600', '제1장. 기초 이론', '2강. 오리엔테이션 및 요약', 'https://youtu.be/dQw4w9WgXcQ', 2);
INSERT INTO public.study_lessons (id, course_id, section_title, lesson_title, video_url, order_index) VALUES ('2e2b1f46-d0de-4a59-b766-3a0693666ff8', 'c112805f-fe93-4f72-9cad-702b65e5b600', '제1장. 기초 이론', '3강. 오리엔테이션 및 요약', 'https://vimeo.com/76979871', 3);
INSERT INTO public.study_materials (id, course_id, material_type, title, file_url) VALUES ('d077d14e-bd6e-46b4-a060-4bb605f4bcb9', 'c112805f-fe93-4f72-9cad-702b65e5b600', 'link', '공통 수업 자료 (해설강의 및 판례모음)', 'https://drive.google.com/');
INSERT INTO public.study_courses (id, title, description, price, status, created_at) VALUES ('9a54b6a4-5884-41d1-a2c8-f2bbe7f20e0f', '부동산 세금(취득세, 양도세) 완벽 정리', '이 스터디는 전문가가 진행하는 핵심 실무 과정입니다. 현장 경험을 꾹꾹 담았습니다.', 50000, 'draft', now() - interval '29 days');
INSERT INTO public.study_lessons (id, course_id, section_title, lesson_title, video_url, order_index) VALUES ('895fed12-cdb5-48ba-b087-e9a85427d58a', '9a54b6a4-5884-41d1-a2c8-f2bbe7f20e0f', '제1장. 기초 이론', '1강. 오리엔테이션 및 요약', 'https://youtu.be/dQw4w9WgXcQ', 1);
INSERT INTO public.study_lessons (id, course_id, section_title, lesson_title, video_url, order_index) VALUES ('e42e2eb5-59f7-4e2d-8936-2674294affb4', '9a54b6a4-5884-41d1-a2c8-f2bbe7f20e0f', '제1장. 기초 이론', '2강. 오리엔테이션 및 요약', 'https://youtu.be/dQw4w9WgXcQ', 2);
INSERT INTO public.study_lessons (id, course_id, section_title, lesson_title, video_url, order_index) VALUES ('91d9e113-5271-4d08-8ee4-873bcbc297cf', '9a54b6a4-5884-41d1-a2c8-f2bbe7f20e0f', '제1장. 기초 이론', '3강. 오리엔테이션 및 요약', 'https://youtu.be/dQw4w9WgXcQ', 3);
INSERT INTO public.study_materials (id, course_id, material_type, title, file_url) VALUES ('69ccaf0b-60f4-4c1d-b91c-a2771288c0b6', '9a54b6a4-5884-41d1-a2c8-f2bbe7f20e0f', 'link', '공통 수업 자료 (해설강의 및 판례모음)', 'https://drive.google.com/');
INSERT INTO public.study_courses (id, title, description, price, status, created_at) VALUES ('c1351210-3a7e-4890-9bc7-3e41e6cc4a51', '공장/창고 중개 실무와 특약', '이 스터디는 전문가가 진행하는 핵심 실무 과정입니다. 현장 경험을 꾹꾹 담았습니다.', 200000, 'published', now() - interval '11 days');
INSERT INTO public.study_lessons (id, course_id, section_title, lesson_title, video_url, order_index) VALUES ('625b22eb-76a3-4c37-83fe-d3a75947aa94', 'c1351210-3a7e-4890-9bc7-3e41e6cc4a51', '제1장. 기초 이론', '1강. 오리엔테이션 및 요약', 'https://vimeo.com/76979871', 1);
INSERT INTO public.study_lessons (id, course_id, section_title, lesson_title, video_url, order_index) VALUES ('b7c6c240-fa4b-4512-936e-1fbbffee23f9', 'c1351210-3a7e-4890-9bc7-3e41e6cc4a51', '제1장. 기초 이론', '2강. 오리엔테이션 및 요약', 'https://youtu.be/dQw4w9WgXcQ', 2);
INSERT INTO public.study_lessons (id, course_id, section_title, lesson_title, video_url, order_index) VALUES ('8897d3a5-3c44-46ee-93aa-de30c6ec6668', 'c1351210-3a7e-4890-9bc7-3e41e6cc4a51', '제1장. 기초 이론', '3강. 오리엔테이션 및 요약', 'https://vimeo.com/76979871', 3);
INSERT INTO public.study_materials (id, course_id, material_type, title, file_url) VALUES ('43f40c64-a53b-47fc-a6d2-3ae26af3e89b', 'c1351210-3a7e-4890-9bc7-3e41e6cc4a51', 'link', '공통 수업 자료 (해설강의 및 판례모음)', 'https://drive.google.com/');
INSERT INTO public.study_courses (id, title, description, price, status, created_at) VALUES ('b12588c6-e711-45bc-82ac-5be144e71b25', '신도심 분양권 투자와 전매 제한', '이 스터디는 전문가가 진행하는 핵심 실무 과정입니다. 현장 경험을 꾹꾹 담았습니다.', 10000, 'published', now() - interval '25 days');
INSERT INTO public.study_lessons (id, course_id, section_title, lesson_title, video_url, order_index) VALUES ('f5c82d24-8d22-4906-8ed6-937f342477a2', 'b12588c6-e711-45bc-82ac-5be144e71b25', '제1장. 기초 이론', '1강. 오리엔테이션 및 요약', 'https://vimeo.com/76979871', 1);
INSERT INTO public.study_lessons (id, course_id, section_title, lesson_title, video_url, order_index) VALUES ('1efded81-14dd-4ddf-a5e2-43561a2e1674', 'b12588c6-e711-45bc-82ac-5be144e71b25', '제1장. 기초 이론', '2강. 오리엔테이션 및 요약', 'https://youtu.be/dQw4w9WgXcQ', 2);
INSERT INTO public.study_lessons (id, course_id, section_title, lesson_title, video_url, order_index) VALUES ('dcee3521-7001-4340-968b-e9ab0865c598', 'b12588c6-e711-45bc-82ac-5be144e71b25', '제1장. 기초 이론', '3강. 오리엔테이션 및 요약', 'https://youtu.be/dQw4w9WgXcQ', 3);
INSERT INTO public.study_materials (id, course_id, material_type, title, file_url) VALUES ('e2264810-08a1-4712-86df-10ff5d7d16cd', 'b12588c6-e711-45bc-82ac-5be144e71b25', 'link', '공통 수업 자료 (해설강의 및 판례모음)', 'https://drive.google.com/');
INSERT INTO public.study_courses (id, title, description, price, status, created_at) VALUES ('bd586ccb-0f21-414e-b8c7-c91647f5f528', '빌딩 매매 협상 스킬과 계약 실무', '이 스터디는 전문가가 진행하는 핵심 실무 과정입니다. 현장 경험을 꾹꾹 담았습니다.', 10000, 'published', now() - interval '42 days');
INSERT INTO public.study_lessons (id, course_id, section_title, lesson_title, video_url, order_index) VALUES ('92dc6269-af50-4416-9e9c-f4ee566f7901', 'bd586ccb-0f21-414e-b8c7-c91647f5f528', '제1장. 기초 이론', '1강. 오리엔테이션 및 요약', 'https://vimeo.com/76979871', 1);
INSERT INTO public.study_lessons (id, course_id, section_title, lesson_title, video_url, order_index) VALUES ('61361312-b2f2-4fe3-9107-e40eb42898aa', 'bd586ccb-0f21-414e-b8c7-c91647f5f528', '제1장. 기초 이론', '2강. 오리엔테이션 및 요약', 'https://youtu.be/dQw4w9WgXcQ', 2);
INSERT INTO public.study_lessons (id, course_id, section_title, lesson_title, video_url, order_index) VALUES ('0b234bcf-d7cc-41ee-be53-c63450f8dbd7', 'bd586ccb-0f21-414e-b8c7-c91647f5f528', '제1장. 기초 이론', '3강. 오리엔테이션 및 요약', 'https://youtu.be/dQw4w9WgXcQ', 3);
INSERT INTO public.study_courses (id, title, description, price, status, created_at) VALUES ('5121b33c-6c10-4802-a221-e1a3ef6c56fe', '외국인 대상 부동산 중개 영어 회화', '이 스터디는 전문가가 진행하는 핵심 실무 과정입니다. 현장 경험을 꾹꾹 담았습니다.', 0, 'published', now() - interval '53 days');
INSERT INTO public.study_lessons (id, course_id, section_title, lesson_title, video_url, order_index) VALUES ('4a1d4e01-38ce-4edd-b64f-bf1d49b3404c', '5121b33c-6c10-4802-a221-e1a3ef6c56fe', '제1장. 기초 이론', '1강. 오리엔테이션 및 요약', 'https://youtu.be/dQw4w9WgXcQ', 1);
INSERT INTO public.study_lessons (id, course_id, section_title, lesson_title, video_url, order_index) VALUES ('50aca6c5-5d6f-465b-a4e7-9c25eaab79e4', '5121b33c-6c10-4802-a221-e1a3ef6c56fe', '제1장. 기초 이론', '2강. 오리엔테이션 및 요약', 'https://youtu.be/dQw4w9WgXcQ', 2);
INSERT INTO public.study_lessons (id, course_id, section_title, lesson_title, video_url, order_index) VALUES ('be7b1dbf-de5e-4a14-ae7f-97241d7fbf3d', '5121b33c-6c10-4802-a221-e1a3ef6c56fe', '제1장. 기초 이론', '3강. 오리엔테이션 및 요약', 'https://youtu.be/dQw4w9WgXcQ', 3);
INSERT INTO public.study_courses (id, title, description, price, status, created_at) VALUES ('d7e552d7-7e64-439e-9465-058a0d73e29c', '중개사무소 직원 관리와 세무 기장', '이 스터디는 전문가가 진행하는 핵심 실무 과정입니다. 현장 경험을 꾹꾹 담았습니다.', 0, 'published', now() - interval '41 days');
INSERT INTO public.study_lessons (id, course_id, section_title, lesson_title, video_url, order_index) VALUES ('2d6915f7-df75-4ab8-a223-a00ff16e4480', 'd7e552d7-7e64-439e-9465-058a0d73e29c', '제1장. 기초 이론', '1강. 오리엔테이션 및 요약', 'https://youtu.be/dQw4w9WgXcQ', 1);
INSERT INTO public.study_lessons (id, course_id, section_title, lesson_title, video_url, order_index) VALUES ('17b023cd-6ea3-4bf9-aa7a-bcc2626de008', 'd7e552d7-7e64-439e-9465-058a0d73e29c', '제1장. 기초 이론', '2강. 오리엔테이션 및 요약', 'https://youtu.be/dQw4w9WgXcQ', 2);
INSERT INTO public.study_lessons (id, course_id, section_title, lesson_title, video_url, order_index) VALUES ('a2871535-43da-4e16-ac94-74e09464744a', 'd7e552d7-7e64-439e-9465-058a0d73e29c', '제1장. 기초 이론', '3강. 오리엔테이션 및 요약', 'https://youtu.be/dQw4w9WgXcQ', 3);
INSERT INTO public.study_courses (id, title, description, price, status, created_at) VALUES ('efee5a2d-1799-4d29-a2cd-0d786721d4d6', '[2026 개정] 상가 임대차 보호법 완전 정복', '이 스터디는 전문가가 진행하는 핵심 실무 과정입니다. 현장 경험을 꾹꾹 담았습니다.', 0, 'published', now() - interval '38 days');
INSERT INTO public.study_lessons (id, course_id, section_title, lesson_title, video_url, order_index) VALUES ('f11a4479-ec74-4b45-9c41-fb214c4ae542', 'efee5a2d-1799-4d29-a2cd-0d786721d4d6', '제1장. 기초 이론', '1강. 오리엔테이션 및 요약', 'https://youtu.be/dQw4w9WgXcQ', 1);
INSERT INTO public.study_lessons (id, course_id, section_title, lesson_title, video_url, order_index) VALUES ('4c36e018-a81f-4f9f-8a5c-281c2fa6bfd8', 'efee5a2d-1799-4d29-a2cd-0d786721d4d6', '제1장. 기초 이론', '2강. 오리엔테이션 및 요약', 'https://youtu.be/dQw4w9WgXcQ', 2);
INSERT INTO public.study_lessons (id, course_id, section_title, lesson_title, video_url, order_index) VALUES ('01fba49d-c618-4ee7-a588-15ddb18ce0bd', 'efee5a2d-1799-4d29-a2cd-0d786721d4d6', '제1장. 기초 이론', '3강. 오리엔테이션 및 요약', 'https://youtu.be/dQw4w9WgXcQ', 3);
INSERT INTO public.study_materials (id, course_id, material_type, title, file_url) VALUES ('26cabca4-f29b-4c22-8cbd-4b6e3e762705', 'efee5a2d-1799-4d29-a2cd-0d786721d4d6', 'link', '공통 수업 자료 (해설강의 및 판례모음)', 'https://drive.google.com/');